site,page,s_index,s_decision,s_class,s_height,s_over_large,s_styling_drop,s_dropped_styles,role,detected,mapped,fallback,opportunity,why,src_tag,src_class,text
https://openhero.art/api/preview?category=nature&slug=the-line-living-architecture,home,0,decomposed,hero,900,no,no,,video,video,media_video,no,no,video → media_video (self-hosted),,,
https://openhero.art/api/preview?category=nature&slug=the-line-living-architecture,home,0,decomposed,hero,900,no,no,,video,video,media_video,no,no,video → media_video (self-hosted),,,
https://openhero.art/api/preview?category=nature&slug=the-line-living-architecture,home,0,decomposed,hero,900,no,no,,html,html,simple,no,no,html → code_block (unmapped),,,
https://openhero.art/api/preview?category=nature&slug=the-line-living-architecture,home,0,decomposed,hero,900,no,no,,text,text,text_block,no,no,text → text_block,div,hero-eyebrow,Atmospheric Equilibrium · Biophilic Integration · Est. 2024
https://openhero.art/api/preview?category=nature&slug=the-line-living-architecture,home,0,decomposed,hero,900,no,no,,heading,heading,special_heading,no,no,heading → special_heading,h1,hero-title,LivingArchitecture
https://openhero.art/api/preview?category=nature&slug=the-line-living-architecture,home,0,decomposed,hero,900,no,no,,button,button,button,no,no,button → button,a,btn-liquid,Explore Doctrine
https://openhero.art/api/preview?category=nature&slug=the-line-living-architecture,home,0,decomposed,hero,900,no,no,,button,button,button,no,no,button → button,a,btn-ghost,View Projects →
https://openhero.art/api/preview?category=nature&slug=the-line-living-architecture,home,0,decomposed,hero,900,no,no,,text,text,text_block,no,no,text → text_block,span,,Scroll
https://openhero.art/api/preview?category=nature&slug=the-line-living-architecture,home,1,decomposed,manifesto,804,no,no,,row-cell,blocks,text_block,no,no,content column → decomposed shortcodes,,,"Our Philosophy Structure is ecology , not its antonym In the symbiosis of biophilic integr"
https://openhero.art/api/preview?category=nature&slug=the-line-living-architecture,home,1,decomposed,manifesto,804,no,no,,row-cell,text,text_block,no,no,unrecognized text cell → text_block,,,−94 % Carbon Reduction 3.2 × Biodiversity Index 180 k Species Restored 47 % Water Regenera
https://openhero.art/api/preview?category=nature&slug=the-line-living-architecture,home,2,decomposed,pillars,956,no,no,,text,text,text_block,no,no,text → text_block,div,section-label,The Four Pillars
https://openhero.art/api/preview?category=nature&slug=the-line-living-architecture,home,2,decomposed,pillars,956,no,no,,heading,heading,special_heading,no,no,heading → special_heading,h2,,Doctrine of Living Form
https://openhero.art/api/preview?category=nature&slug=the-line-living-architecture,home,2,decomposed,pillars,956,no,no,,steps,steps,steps,no,no,steps → code_block (unmapped),,,
https://openhero.art/api/preview?category=nature&slug=the-line-living-architecture,home,3,decomposed,projects,786,no,no,,row-cell,text,text_block,no,no,unrecognized text cell → text_block,,,Selected Works
https://openhero.art/api/preview?category=nature&slug=the-line-living-architecture,home,3,decomposed,projects,786,no,no,,row-cell,buttons,button,no,no,button group → button(s),,,← →
https://openhero.art/api/preview?category=nature&slug=the-line-living-architecture,home,3,decomposed,projects,786,no,no,,timeline,timeline,timeline,no,no,timeline → code_block (unmapped),,,
https://openhero.art/api/preview?category=nature&slug=the-line-living-architecture,home,4,decomposed,philosophy,1038,no,no,,row-cell,blocks,text_block,no,no,content column → decomposed shortcodes,,,Design Doctrine The quiet intelligence of organic form The built environment of the 21st c
https://openhero.art/api/preview?category=nature&slug=the-line-living-architecture,home,4,decomposed,philosophy,1038,no,no,,row-cell,text,special_heading,no,no,text cell (overline/subtitle) → special_heading,,,"I No form without ecological purpose Every curve, every aperture, every structural decisio"
https://openhero.art/api/preview?category=nature&slug=the-line-living-architecture,home,5,decomposed,contact-section,981,no,no,,heading,heading,special_heading,no,no,heading → special_heading,h2,contact-h reveal-up,Shape theLiving World
https://openhero.art/api/preview?category=nature&slug=the-line-living-architecture,home,5,decomposed,contact-section,981,no,no,,html,html,code_block,yes,no,html → code_block (unmapped),,,
https://openhero.art/api/preview?category=nature&slug=the-line-living-architecture,home,5,decomposed,contact-section,981,no,no,,html,html,code_block,yes,no,html → code_block (unmapped),,,
https://openhero.art/api/preview?category=nature&slug=the-line-living-architecture,home,5,decomposed,contact-section,981,no,no,,html,html,code_block,yes,no,html → code_block (unmapped),,,
https://openhero.art/api/preview?category=nature&slug=the-line-living-architecture,home,5,decomposed,contact-section,981,no,no,,button,button,button,no,no,button → button,button,btn-liquid,Transmit Inquiry