slug,secs,text,media,empty,hero,bgcol,overlay,verbatim,flags
autonomous-supply-chain,1,676,0,0,vid,,,0,FEW_SECTIONS
bio-tech-computing-interface,1,677,0,0,vid,,,0,FEW_SECTIONS
build-products-that-move-money,2,1356,0,0,-,,,0,NO_HERO_BG
cloud-forest-sanctuaries,3,1520,1,0,-,,,0,NO_HERO_BG
crafting-the-nocturnal-web,4,3752,1,0,-,,,0,NO_HERO_BG
liquid-high-fidelity,1,808,0,0,vid,,,0,FEW_SECTIONS
master-built-regenerative-structures,5,4158,1,0,-,,,0,NO_HERO_BG
regenerative-landscapes,7,3307,2,0,-,,,0,NO_HERO_BG
accelerated-transition-to-sustainable-energy,3,3030,0,0,vid,,,0,
adaptive-high-fidelity-architecture,3,972,1,0,vid,,,0,
anime-environment-engine,4,1662,2,0,vid,,,0,
apple-card-titanium-and-intelligence,5,4292,0,0,vid,,,0,
apple-vision-pro,3,1080,2,0,vid,,,0,
bespoke-living-spaces,5,2858,1,0,-,,,0,
biophilic-architecture-interior-soul,3,982,2,0,-,,,0,
cinematic-horizons,5,2683,2,0,vid,,,0,
cinematic-nature-horizon,5,3216,0,0,vid,,,0,
colosseum-engineering-the-empire,2,1231,1,0,vid,,,0,
contemplative-realms,6,4371,2,0,vid,,,0,
cosmic-nomadic-journeys,6,3291,1,0,vid,,,0,
crafter-station,10,6558,2,0,vid,,,0,
creative-engineering,4,1699,1,0,vid,,,0,
cristo-redentor,4,2606,1,0,vid,,,0,
crystal-universe,3,1725,1,0,vid,,,0,
dark-forest-misty-morning,4,2252,0,0,-,,,0,
das-wesen-der-fotografie,2,1560,1,0,-,,,0,
financial-infrastructure-for-internet-businesses,4,2343,1,0,vid,,,0,
getty-images,3,597,0,0,vid,,,0,
high-performance-automotive-dynamics,2,720,0,0,vid,,,0,
homexis-platform,3,1357,1,0,vid,,,0,
human-centric-professional-excellence,3,487,0,0,-,,,0,
kinetic-fashion-elements,3,649,3,0,-,,,0,
living-architecture,2,958,1,0,-,,,0,
living-light-technology,4,700,1,0,-,,,0,
lumina-ai,4,1467,2,0,vid,,,0,
lumina-arctic-high-fidelity-expedition-gear,5,3778,0,0,vid,,,0,
memphis-and-its-necropolis,2,1076,1,0,vid,,,0,
micro-workspace-protocol,6,4266,1,0,vid,,,0,
national-geographic-conservation-technology,5,3354,1,0,-,,,0,
neural-landscapes,3,1553,1,0,vid,,,0,
new-era-of-spatial-computing,3,1606,0,0,vid,,,0,
nox-liquid-high-fidelity,2,1885,0,0,-,,,0,
obsidian-horizon,3,1206,2,0,vid,,,0,
orbital-horizon,2,1275,1,0,vid,,,0,
payment-operations,2,1146,0,0,vid,,"rgba(0, 0, 0, 0.2)",0,
perspective-shift,5,2992,2,0,vid,,,0,
planetary-horizons,5,1751,2,0,vid,,,0,
reactive-forest-intelligence,2,1316,1,0,-,,,0,
real-time-financial-intelligence,4,3550,1,0,-,,,0,
rebalancing-the-planet-with-photosynthesis,3,1698,0,0,vid,,,0,
red-planet-architecture,5,2721,1,0,vid,,,0,
regenerative-living-architecture,5,2933,3,0,vid,,,0,
resilient-flora-engineering,3,1461,1,0,vid,,,0,
sierra-the-ancient-future-of-the-andes,2,759,1,0,vid,,,0,
solitary-elevation-project,5,3379,1,0,vid,,,0,
speculative-architecture-studio,6,5606,1,0,vid,,,0,
swiss-luxury-watches-and-chronographs,3,1606,0,0,vid,,,0,
synthetic-light-architectures,5,1807,1,0,vid,,,0,
tale-of-the-gale,6,5530,1,0,vid,,,0,
terraform-industries-scalable-carbon-capture,3,2517,1,0,-,,,0,
the-art-of-living,4,1593,3,0,vid,,,0,
the-art-of-the-burger,4,2744,1,0,vid,,,0,
the-global-destination-for-modern-luxury,3,604,0,0,vid,,,0,
the-line-living-architecture,6,3215,2,0,-,,,0,
the-seed-design-company,2,924,1,0,vid,,,0,
urban-visionary-aesthetics,3,714,2,0,vid,,,0,
homex,,,,,ERR:error-page
