site,page,s_index,s_class,property,src_uses,carried
https://openhero.art/api/preview?category=tech&slug=red-planet-architecture,home,0,relative min-h-[100svh] overflow-hidden,background-image,2,yes
https://openhero.art/api/preview?category=tech&slug=red-planet-architecture,home,0,relative min-h-[100svh] overflow-hidden,background-color,4,yes
https://openhero.art/api/preview?category=tech&slug=red-planet-architecture,home,0,relative min-h-[100svh] overflow-hidden,backdrop-filter,3,yes
https://openhero.art/api/preview?category=tech&slug=red-planet-architecture,home,0,relative min-h-[100svh] overflow-hidden,box-shadow,2,yes
https://openhero.art/api/preview?category=tech&slug=red-planet-architecture,home,0,relative min-h-[100svh] overflow-hidden,border,5,yes
https://openhero.art/api/preview?category=tech&slug=red-planet-architecture,home,0,relative min-h-[100svh] overflow-hidden,border-radius,5,yes
https://openhero.art/api/preview?category=tech&slug=red-planet-architecture,home,0,relative min-h-[100svh] overflow-hidden,max-width,4,yes
https://openhero.art/api/preview?category=tech&slug=red-planet-architecture,home,0,relative min-h-[100svh] overflow-hidden,padding,5,yes
https://openhero.art/api/preview?category=tech&slug=red-planet-architecture,home,0,relative min-h-[100svh] overflow-hidden,margin,3,yes
https://openhero.art/api/preview?category=tech&slug=red-planet-architecture,home,0,relative min-h-[100svh] overflow-hidden,gap,2,yes
https://openhero.art/api/preview?category=tech&slug=red-planet-architecture,home,0,relative min-h-[100svh] overflow-hidden,transform,8,yes
https://openhero.art/api/preview?category=tech&slug=red-planet-architecture,home,0,relative min-h-[100svh] overflow-hidden,position-absolute,3,yes
https://openhero.art/api/preview?category=tech&slug=red-planet-architecture,home,0,relative min-h-[100svh] overflow-hidden,display-flex,2,yes
https://openhero.art/api/preview?category=tech&slug=red-planet-architecture,home,1,ridges relative px-6 py-24 md:px-10,background-image,6,no
https://openhero.art/api/preview?category=tech&slug=red-planet-architecture,home,1,ridges relative px-6 py-24 md:px-10,box-shadow,3,yes
https://openhero.art/api/preview?category=tech&slug=red-planet-architecture,home,1,ridges relative px-6 py-24 md:px-10,border,3,yes
https://openhero.art/api/preview?category=tech&slug=red-planet-architecture,home,1,ridges relative px-6 py-24 md:px-10,border-radius,6,yes
https://openhero.art/api/preview?category=tech&slug=red-planet-architecture,home,1,ridges relative px-6 py-24 md:px-10,max-width,3,yes
https://openhero.art/api/preview?category=tech&slug=red-planet-architecture,home,1,ridges relative px-6 py-24 md:px-10,padding,4,yes
https://openhero.art/api/preview?category=tech&slug=red-planet-architecture,home,1,ridges relative px-6 py-24 md:px-10,margin,9,yes
https://openhero.art/api/preview?category=tech&slug=red-planet-architecture,home,1,ridges relative px-6 py-24 md:px-10,gap,2,yes
https://openhero.art/api/preview?category=tech&slug=red-planet-architecture,home,1,ridges relative px-6 py-24 md:px-10,transform,4,yes
https://openhero.art/api/preview?category=tech&slug=red-planet-architecture,home,1,ridges relative px-6 py-24 md:px-10,position-absolute,2,yes
https://openhero.art/api/preview?category=tech&slug=red-planet-architecture,home,1,ridges relative px-6 py-24 md:px-10,position-sticky,1,yes
https://openhero.art/api/preview?category=tech&slug=red-planet-architecture,home,1,ridges relative px-6 py-24 md:px-10,display-grid,3,yes
https://openhero.art/api/preview?category=tech&slug=red-planet-architecture,home,2,ridges relative px-6 py-24 md:px-10,background-image,3,no
https://openhero.art/api/preview?category=tech&slug=red-planet-architecture,home,2,ridges relative px-6 py-24 md:px-10,background-color,4,yes
https://openhero.art/api/preview?category=tech&slug=red-planet-architecture,home,2,ridges relative px-6 py-24 md:px-10,backdrop-filter,4,yes
https://openhero.art/api/preview?category=tech&slug=red-planet-architecture,home,2,ridges relative px-6 py-24 md:px-10,box-shadow,2,yes
https://openhero.art/api/preview?category=tech&slug=red-planet-architecture,home,2,ridges relative px-6 py-24 md:px-10,border,5,yes
https://openhero.art/api/preview?category=tech&slug=red-planet-architecture,home,2,ridges relative px-6 py-24 md:px-10,border-radius,7,yes
https://openhero.art/api/preview?category=tech&slug=red-planet-architecture,home,2,ridges relative px-6 py-24 md:px-10,max-width,3,yes
https://openhero.art/api/preview?category=tech&slug=red-planet-architecture,home,2,ridges relative px-6 py-24 md:px-10,padding,6,yes
https://openhero.art/api/preview?category=tech&slug=red-planet-architecture,home,2,ridges relative px-6 py-24 md:px-10,margin,7,yes
https://openhero.art/api/preview?category=tech&slug=red-planet-architecture,home,2,ridges relative px-6 py-24 md:px-10,gap,1,yes
https://openhero.art/api/preview?category=tech&slug=red-planet-architecture,home,2,ridges relative px-6 py-24 md:px-10,transform,2,yes
https://openhero.art/api/preview?category=tech&slug=red-planet-architecture,home,2,ridges relative px-6 py-24 md:px-10,position-absolute,3,yes
https://openhero.art/api/preview?category=tech&slug=red-planet-architecture,home,2,ridges relative px-6 py-24 md:px-10,display-flex,2,yes
https://openhero.art/api/preview?category=tech&slug=red-planet-architecture,home,2,ridges relative px-6 py-24 md:px-10,display-grid,2,yes
https://openhero.art/api/preview?category=tech&slug=red-planet-architecture,home,3,ridges relative px-6 py-24 md:px-10,background-image,3,no
https://openhero.art/api/preview?category=tech&slug=red-planet-architecture,home,3,ridges relative px-6 py-24 md:px-10,background-color,3,yes
https://openhero.art/api/preview?category=tech&slug=red-planet-architecture,home,3,ridges relative px-6 py-24 md:px-10,backdrop-filter,3,yes
https://openhero.art/api/preview?category=tech&slug=red-planet-architecture,home,3,ridges relative px-6 py-24 md:px-10,box-shadow,3,yes
https://openhero.art/api/preview?category=tech&slug=red-planet-architecture,home,3,ridges relative px-6 py-24 md:px-10,border,6,yes
https://openhero.art/api/preview?category=tech&slug=red-planet-architecture,home,3,ridges relative px-6 py-24 md:px-10,border-radius,6,yes
https://openhero.art/api/preview?category=tech&slug=red-planet-architecture,home,3,ridges relative px-6 py-24 md:px-10,max-width,3,yes
https://openhero.art/api/preview?category=tech&slug=red-planet-architecture,home,3,ridges relative px-6 py-24 md:px-10,padding,7,yes
https://openhero.art/api/preview?category=tech&slug=red-planet-architecture,home,3,ridges relative px-6 py-24 md:px-10,margin,7,yes
https://openhero.art/api/preview?category=tech&slug=red-planet-architecture,home,3,ridges relative px-6 py-24 md:px-10,gap,5,yes
https://openhero.art/api/preview?category=tech&slug=red-planet-architecture,home,3,ridges relative px-6 py-24 md:px-10,transform,4,yes
https://openhero.art/api/preview?category=tech&slug=red-planet-architecture,home,3,ridges relative px-6 py-24 md:px-10,display-flex,6,yes
https://openhero.art/api/preview?category=tech&slug=red-planet-architecture,home,3,ridges relative px-6 py-24 md:px-10,display-grid,4,yes
https://openhero.art/api/preview?category=tech&slug=red-planet-architecture,home,4,px-6 py-24 md:px-10,background-color,2,yes
https://openhero.art/api/preview?category=tech&slug=red-planet-architecture,home,4,px-6 py-24 md:px-10,backdrop-filter,1,yes
https://openhero.art/api/preview?category=tech&slug=red-planet-architecture,home,4,px-6 py-24 md:px-10,border,1,yes
https://openhero.art/api/preview?category=tech&slug=red-planet-architecture,home,4,px-6 py-24 md:px-10,border-radius,1,yes
https://openhero.art/api/preview?category=tech&slug=red-planet-architecture,home,4,px-6 py-24 md:px-10,max-width,2,yes
https://openhero.art/api/preview?category=tech&slug=red-planet-architecture,home,4,px-6 py-24 md:px-10,padding,2,yes
https://openhero.art/api/preview?category=tech&slug=red-planet-architecture,home,4,px-6 py-24 md:px-10,margin,1,yes
https://openhero.art/api/preview?category=tech&slug=red-planet-architecture,home,4,px-6 py-24 md:px-10,gap,1,yes
https://openhero.art/api/preview?category=tech&slug=red-planet-architecture,home,4,px-6 py-24 md:px-10,display-grid,1,yes